,SHOT_RESULT
1238,made
2333,missed
4980,missed
5198,missed
2244,missed
4012,missed
243,missed
3604,made
4310,made
3213,made
6026,made
3675,made
2425,missed
6317,made
39,missed
3792,missed
1661,made
5459,made
5461,made
361,missed
4289,missed
6059,made
1109,made
1921,made
2680,missed
4299,made
2269,made
1640,made
1483,made
444,missed
640,made
5750,missed
2015,missed
2109,made
1208,missed
459,missed
4613,missed
2956,made
5707,missed
1153,made
3217,missed
6207,made
587,missed
625,made
1787,missed
1453,made
2742,missed
3552,missed
1181,made
2880,missed
421,made
735,made
1137,missed
4258,missed
1729,made
4422,missed
6040,made
2744,made
5601,missed
1338,missed
3437,missed
2892,missed
2405,made
336,missed
3750,missed
4184,made
3780,missed
2712,missed
279,missed
1586,missed
1282,missed
5332,made
5120,missed
876,missed
6424,made
3444,made
5579,made
3624,made
3687,made
138,missed
2069,made
4633,made
3708,made
504,missed
2293,missed
2609,made
3294,missed
5710,missed
2646,missed
913,made
5603,missed
3669,missed
1989,missed
120,made
387,made
2836,missed
2857,missed
5586,missed
37,missed
4397,missed
4879,missed
2546,missed
1246,missed
6199,made
4988,made
4870,made
2290,missed
1244,missed
1086,made
3269,missed
5224,missed
4285,missed
3605,missed
6432,made
5549,made
6453,made
4958,missed
1771,missed
2311,made
4083,made
3439,missed
147,missed
3403,made
1910,missed
1587,made
2424,made
4756,made
3353,made
4922,made
1526,missed
6330,made
35,missed
4868,missed
631,missed
6057,made
4564,missed
4519,missed
2791,missed
5690,missed
728,made
5297,made
3888,made
3173,missed
1394,made
5183,missed
3030,missed
453,made
1056,missed
5338,missed
5654,missed
3032,made
1152,made
2492,made
1058,missed
441,missed
2933,made
6331,made
3406,made
5266,missed
3345,made
3812,missed
2284,missed
2123,missed
1490,missed
2718,missed
2739,missed
5958,missed
1514,missed
173,made
448,missed
207,made
5106,made
3591,made
4160,missed
3861,made
981,missed
4823,missed
6030,made
1963,missed
5587,made
932,missed
4469,made
1698,missed
85,made
3618,made
4112,missed
4168,made
2302,missed
2746,missed
4623,made
2805,missed
4661,missed
2175,made
5934,missed
5082,missed
1428,made
800,missed
6419,made
3636,made
6129,made
5320,made
3610,made
4896,made
4842,made
2001,made
5930,made
4392,made
3899,missed
5124,made
6439,made
6088,made
4318,missed
5638,missed
1178,made
2881,made
3874,made
2578,missed
2513,made
3910,made
5524,missed
723,made
2522,made
2720,made
6324,made
5344,made
2852,missed
901,made
3168,missed
2820,missed
6296,made
5487,missed
314,made
5309,missed
2981,missed
5698,made
60,made
1335,missed
6039,made
6062,made
4,missed
766,made
5300,missed
4843,made
2470,missed
1718,missed
622,missed
26,made
6422,made
4511,made
6210,made
1814,made
5026,missed
5246,missed
5896,missed
1785,made
1648,missed
2242,missed
2113,missed
2554,made
4654,made
3356,missed
2462,made
5622,made
130,missed
3155,missed
5097,made
5757,made
6327,made
2785,made
3015,made
6212,made
181,missed
4716,missed
1598,missed
541,made
5376,missed
6113,made
5445,missed
1883,made
4875,missed
4928,made
383,missed
512,missed
5514,missed
2134,missed
1085,missed
699,made
1730,missed
5864,made
4529,made
3328,missed
5973,made
3526,missed
4091,missed
4047,missed
5347,missed
4541,made
916,made
2896,missed
4690,made
6318,made
760,made
770,missed
1293,made
4483,missed
3658,missed
2699,missed
2535,missed
2592,made
1114,made
5525,made
798,made
5473,missed
5591,made
2900,missed
3859,made
3872,missed
2568,made
680,missed
2124,made
2600,made
2004,missed
4899,made
4649,made
5563,made
1412,missed
5242,missed
4129,made
342,made
5515,made
4934,missed
2838,missed
5512,made
3448,missed
140,missed
1310,missed
6226,made
2741,made
3263,missed
3477,missed
227,missed
3021,made
578,made
2797,made
1297,made
5881,missed
2226,missed
2957,made
163,made
2343,missed
5235,made
6305,made
192,missed
6224,made
4078,missed
6445,made
3114,missed
2799,made
3066,missed
2614,made
5847,missed
2844,made
4237,missed
3505,missed
2460,missed
427,missed
4150,missed
4086,made
4265,missed
449,made
1665,missed
4156,made
2247,made
2129,made
5521,missed
313,missed
4373,missed
4193,made
369,missed
3950,made
1857,missed
1561,missed
755,missed
664,missed
3343,made
266,missed
1375,missed
3323,made
2966,missed
2962,made
6274,made
5315,missed
4543,missed
4905,missed
5793,made
678,made
3228,made
126,missed
4251,missed
2547,made
1837,missed
3411,made
4240,made
2219,missed
4188,missed
5197,made
5675,missed
370,missed
3249,made
3978,made
1272,missed
285,missed
95,missed
1170,missed
5876,missed
609,missed
1228,made
2453,made
6405,made
1485,made
4198,missed
2034,missed
3333,missed
171,missed
4093,made
6008,made
1003,made
4909,made
5080,missed
5769,made
5110,missed
5935,missed
5464,missed
3527,missed
2856,made
250,missed
3961,missed
5616,missed
3706,made
4734,missed
48,missed
1352,missed
111,made
2810,missed
950,missed
193,made
6450,made
1464,made
2788,made
612,missed
4619,made
4465,missed
152,missed
109,missed
4154,made
672,made
881,missed
6139,made
2655,missed
2368,made
5072,made
3355,made
3967,made
3467,made
3705,made
2595,missed
2708,missed
1874,missed
1308,made
1602,made
1157,made
4669,missed
4897,missed
2235,made
3359,made
5602,made
4171,missed
2374,made
2420,missed
2853,missed
1440,missed
1337,missed
1723,missed
5551,made
5153,made
5179,missed
3321,missed
5874,missed
2496,made
5073,made
882,made
838,missed
567,made
1966,missed
3033,made
2593,made
6308,made
3742,made
4693,made
3354,made
5378,missed
2652,missed
315,made
572,missed
3423,missed
2922,missed
2586,missed
3581,missed
5569,missed
3586,made
4963,missed
4902,missed
1074,made
2497,missed
1141,missed
6338,made
2972,missed
6288,made
3734,made
3845,made
2299,missed
3911,missed
1017,missed
5335,missed
929,missed
5869,missed
4067,made
748,missed
2559,made
1788,made
623,missed
6133,made
4432,made
5678,missed
1344,made
4371,missed
4546,missed
3357,made
1057,missed
1064,missed
1381,made
4068,missed
5526,missed
1790,missed
5066,made
517,made
3398,made
6448,made
479,missed
2035,made
229,made
2519,missed
2544,missed
2706,made
5186,missed
2735,made
2761,made
1554,missed
5666,missed
5361,missed
1229,missed
3435,missed
2901,made
2759,missed
4337,missed
594,made
3701,missed
4077,missed
3515,made
3082,made
3362,missed
2573,made
3631,missed
4510,missed
2685,made
1871,made
6,missed
392,made
4266,missed
5260,missed
5451,missed
1580,made
2561,made
2893,made
1343,missed
2224,missed
2376,missed
4239,made
4017,made
799,made
280,made
2862,missed
731,made
2911,missed
4985,made
2610,made
3860,missed
1129,missed
1707,made
4015,missed
2970,missed
5210,made
5298,missed
4560,missed
5686,missed
1702,missed
3601,missed
2587,made
180,missed
24,missed
6307,made
1564,missed
2323,missed
5619,made
3373,made
6282,made
2757,made
2114,made
6209,made
1782,made
1668,missed
431,made
4643,missed
569,missed
6254,made
87,made
6387,made
5282,made
3255,missed
2495,missed
5135,made
5897,missed
4128,missed
3559,missed
1825,missed
4841,made
4421,made
2190,made
2523,missed
1365,made
5047,missed
2626,made
5132,missed
1699,made
5589,made
4941,made
4000,made
3815,missed
5330,missed
3914,missed
132,missed
2616,made
6218,made
6366,made
3452,missed
2195,made
855,missed
264,missed
3635,made
1096,missed
5787,made
5373,missed
3378,missed
5803,missed
486,made
3256,missed
6191,made
3890,missed
1584,missed
1189,missed
1374,made
2236,made
426,missed
4971,made
2077,missed
4668,missed
3564,missed
5049,missed
2842,missed
3492,missed
4389,missed
3681,missed
2629,made
4340,made
2984,made
5948,made
5144,missed
4592,made
5917,missed
4944,made
6020,made
5937,made
5635,missed
841,missed
6382,made
1903,made
595,made
4035,made
3199,made
131,missed
1163,missed
4183,missed
3091,missed
6454,made
2991,made
1637,missed
245,made
1435,missed
6141,made
1836,missed
6185,made
4486,made
1818,missed
4082,made
5270,made
6421,made
4863,missed
1767,missed
1291,missed
5472,missed
2334,missed
6372,made
1990,missed
3377,made
1167,missed
4569,missed
2697,missed
2775,made
3814,missed
1677,made
3577,missed
2698,missed
118,missed
5248,made
2839,missed
3506,missed
89,made
4544,made
4622,missed
2536,missed
4603,missed
4496,made
5101,missed
3219,made
5421,missed
2208,made
588,missed
2607,missed
4891,missed
1708,missed
4306,missed
1811,made
1610,missed
1641,missed
1629,made
1106,made
6326,made
681,missed
708,missed
4191,missed
2657,made
5222,missed
1706,made
5134,missed
977,missed
3846,missed
1546,made
5017,missed
4552,made
3299,missed
6408,made
5177,missed
3772,made
3828,made
5659,missed
4057,made
5522,made
1143,made
2942,made
356,made
4021,missed
1323,made
5763,made
1832,made
5372,made
1459,missed
3375,made
4161,made
3404,missed
4416,made
3942,missed
3698,made
5636,missed
5055,made
399,missed
638,missed
5364,made
4033,made
1261,made
580,made
917,missed
5949,made
887,made
2054,made
5273,missed
3360,made
267,missed
1499,missed
1313,made
3122,made
5956,missed
4943,missed
2432,missed
1747,missed
2855,missed
6397,made
792,missed
2622,made
1373,missed
4801,missed
644,missed
5669,made
2481,made
51,missed
1895,missed
2416,missed
1778,made
2055,made
674,missed
6285,made
212,missed
2142,missed
1627,missed
3324,made
2108,missed
3988,missed
396,missed
278,missed
5015,missed
4175,missed
6130,made
5204,missed
3723,missed
422,missed
1060,missed
6413,made
661,made
5971,made
4454,made
62,missed
5833,missed
1271,made
4269,made
77,missed
5770,made
1256,made
1046,made
823,made
6188,made
5620,missed
5732,missed
546,missed
3507,missed
2203,made
3560,missed
767,made
6205,made
2185,made
3892,made
3854,missed
4036,missed
951,made
6240,made
1012,made
4244,missed
2199,missed
360,made
1557,missed
584,made
1905,missed
3028,missed
3098,missed
5744,made
5774,made
2464,missed
667,missed
4579,made
5031,missed
3286,missed
3788,made
4691,missed
4809,made
423,made
6158,made
139,missed
414,missed
5384,made
1423,made
2516,missed
6011,made
6262,made
4630,made
2258,missed
6395,made
156,missed
4284,missed
3976,made
2643,missed
2572,missed
5014,made
2317,missed
1124,missed
5574,missed
2116,missed
940,made
4352,missed
3070,made
5700,made
4364,missed
3278,missed
668,made
1909,missed
1111,missed
3120,made
1876,missed
5008,made
5537,missed
3319,made
75,missed
2645,missed
6337,made
1493,missed
4530,missed
2443,made
2534,made
1645,missed
2749,missed
1879,missed
3481,missed
5032,made
1258,made
4455,missed
3838,made
4788,missed
2352,made
2019,made
4098,made
3567,made
6304,made
789,missed
5331,made
5817,missed
294,made
4741,missed
1632,missed
3686,missed
3597,missed
5867,made
4912,made
5370,missed
6071,made
2120,made
6300,made
1145,missed
1960,missed
5676,made
3909,made
2,missed
964,made
5652,made
2287,made
653,missed
3165,missed
5111,missed
3848,missed
744,made
259,missed
2866,missed
533,missed
633,made
556,missed
4884,made
590,missed
4007,made
886,made
4368,missed
5872,missed
495,missed
4585,missed
362,missed
2027,missed
4525,missed
1150,missed
3759,made
4189,made
5340,made
3572,missed
662,missed
993,missed
648,missed
2082,missed
2167,missed
1712,missed
70,made
5805,made
3939,made
2937,made
3054,missed
1686,missed
6081,made
1312,missed
5492,made
2221,made
906,made
4435,missed
2289,made
3148,made
3816,missed
4100,missed
4236,made
6321,made
4551,made
4444,made
4816,missed
4936,missed
9,missed
873,made
3925,made
4632,missed
3063,missed
4975,missed
4906,made
4595,made
4573,missed
5875,made
4754,missed
5580,missed
4442,missed
5776,made
284,missed
2036,missed
3408,made
4275,missed
2950,missed
1897,missed
2498,made
3115,made
2654,made
3164,missed
4138,missed
5795,made
2196,missed
2310,made
498,made
5611,made
5584,missed
3468,missed
379,missed
4618,missed
4224,missed
4314,made
1052,missed
190,missed
2924,missed
1720,missed
3953,made
2969,made
20,missed
3521,made
3642,missed
3653,made
3464,missed
2020,missed
6247,made
3728,missed
2661,made
4797,made
208,made
4424,missed
2837,made
3430,made
5880,missed
4572,made
150,missed
22,missed
4999,missed
3085,missed
2501,made
1331,missed
5813,made
657,made
2705,missed
2905,made
1382,made
1807,missed
3326,made
1962,missed
4540,made
550,made
5729,missed
4724,made
4101,made
4829,missed
4580,missed
939,missed
4369,made
3894,made
2421,missed
4387,missed
2103,missed
1527,made
340,missed
2948,made
420,missed
761,made
2389,made
2772,missed
5083,made
864,made
1868,missed
2388,missed
2955,made
3157,missed
6385,made
769,missed
884,made
4926,missed
4139,missed
3412,missed
1286,made
5572,missed
3366,made
710,missed
5968,missed
6021,made
98,made
890,missed
4533,missed
1982,missed
5839,missed
3774,missed
3169,made
1039,missed
6414,made
5970,missed
5742,missed
1062,made
5593,missed
3856,missed
3959,missed
1465,missed
4242,made
5034,made
1991,made
5438,made
1398,missed
670,missed
1262,missed
4800,made
2766,made
2631,made
5433,missed
2022,made
1196,made
416,missed
4479,missed
6391,made
3484,made
5358,missed
6100,made
5760,made
4164,made
4715,missed
1011,missed
5237,missed
1236,missed
2411,made
1703,missed
2982,made
898,missed
5810,made
200,made
1727,missed
3125,missed
3023,made
3955,made
734,missed
4600,made
1206,missed
4223,made
3024,missed
599,made
4361,missed
400,missed
4380,made
1776,made
5657,missed
514,missed
4214,missed
3197,missed
4665,missed
3546,missed
5249,missed
814,made
3615,made
2206,missed
891,made
1505,missed
5936,missed
4820,made
3709,made
4247,missed
1035,missed
6116,made
219,missed
2265,made
6162,made
2995,missed
3866,made
4277,made
2985,missed
133,missed
5336,made
5691,missed
2321,missed
4865,missed
821,made
5912,missed
1509,missed
1414,made
516,missed
4488,missed
2945,made
6189,made
4249,missed
3295,missed
3389,missed
5365,made
5254,made
600,missed
3426,missed
6388,made
5200,made
5233,missed
3397,made
3517,missed
854,missed
487,missed
4614,made
2801,missed
592,missed
1608,made
5416,missed
4233,missed
1734,missed
99,missed
3414,made
4881,made
2132,made
5145,made
413,missed
357,made
5411,made
2650,missed
4796,missed
3931,missed
15,made
1961,missed
203,made
36,missed
435,missed
589,missed
1965,made
4991,made
4674,made
4121,missed
12,made
5345,missed
1448,made
4350,made
5552,missed
5212,missed
1530,missed
540,missed
5413,missed
6268,made
5157,missed
6456,made
5109,made
1495,missed
4213,made
2714,missed
6219,made
2527,missed
287,made
5746,missed
4096,made
2201,missed
4626,missed
5060,made
2780,made
2307,made
1968,made
705,missed
5387,missed
4402,made
1980,made
439,missed
5554,missed
2117,missed
5829,made
924,made
1688,made
1689,missed
6142,made
4955,missed
5529,missed
3283,missed
1134,made
4005,missed
1108,made
6175,made
2968,missed
4790,made
2878,made
3340,made
768,made
5245,made
6234,made
6411,made
4211,made
1919,made
2138,made
4959,made
795,missed
2873,made
6440,made
637,made
3499,missed
384,made
3984,missed
1325,missed
5485,made
4058,made
4596,made
5359,made
4952,missed
1177,missed
157,missed
438,made
2686,missed
3858,made
1569,missed
6371,made
1237,made
5356,made
2304,made
6180,made
3143,made
4714,made
5800,made
5176,missed
5786,made
3722,missed
4983,missed
3462,made
5530,made
3048,missed
1539,made
4473,made
6146,made
5293,missed
461,made
3868,made
813,missed
2031,made
3234,missed
4147,made
1793,missed
1054,missed
3044,missed
4563,missed
2218,made
1806,made
3839,missed
5328,made
4363,made
1180,made
177,missed
3145,made
2157,missed
736,made
5740,missed
4053,made
3073,missed
3251,made
689,made
3487,missed
1533,made
191,made
2273,missed
652,missed
5342,made
4937,missed
2087,missed
2638,missed
1458,made
6420,made
4762,missed
895,missed
5736,made
1732,made
5614,made
2355,missed
127,missed
2165,made
5460,made
6394,made
819,made
2562,missed
3659,missed
5855,made
3396,made
30,made
5057,missed
5976,missed
3203,made
5994,made
3922,missed
4539,missed
3744,missed
5202,made
3470,missed
927,missed
2840,made
6213,made
450,missed
2827,made
3179,missed
1119,missed
3150,missed
1781,made
3991,made
324,missed
6143,made
3086,made
456,made
1353,made
6442,made
6051,made
2894,missed
5671,made
4228,missed
4506,made
5902,missed
2062,missed
1881,missed
1736,missed
409,made
2520,made
5759,missed
2434,made
4504,missed
136,missed
3123,missed
2128,missed
2930,missed
5697,missed
6144,made
801,made
4698,made
2943,made
4984,missed
532,missed
2280,made
5180,made
4706,made
4072,missed
4080,missed
3823,missed
5412,made
2651,made
539,missed
3309,missed
5677,missed
4370,missed
4029,missed
2885,missed
34,missed
6214,made
3557,missed
3131,missed
743,missed
2599,missed
3710,missed
903,made
3329,missed
262,missed
1916,missed
3258,missed
4867,made
2296,made
6355,made
3190,missed
4126,made
3747,missed
4179,made
2936,made
2169,missed
5166,missed
497,made
1859,missed
2478,missed
4652,missed
6339,made
3971,missed
4717,made
997,missed
3061,missed
1662,missed
4335,made
5184,made
2732,missed
2777,made
4367,missed
2081,missed
112,missed
3655,made
198,missed
5016,made
2063,missed
5555,missed
4789,made
1844,missed
547,made
4385,missed
3834,made
564,missed
2762,missed
694,made
5788,made
3027,missed
3262,missed
2796,missed
3528,missed
3707,made
4449,missed
1050,made
3401,made
704,made
4781,missed
1332,made
2427,missed
5396,missed
298,missed
1116,missed
1399,missed
4074,missed
4197,made
1438,missed
4206,made
240,made
1158,made
6127,made
455,made
5590,missed
4292,missed
3106,missed
6423,made
105,made
1893,missed
727,missed
4167,made
4581,made
5427,missed
4107,missed
822,made
4728,made
4039,missed
1005,made
196,made
5643,missed
2653,made
3036,made
4445,missed
5990,missed
5540,made
4194,missed
5641,made
6027,made
6353,made
3620,missed
4283,missed
3076,made
3399,missed
1364,made
2456,missed
2306,missed
23,missed
5628,made
636,missed
5933,made
430,made
720,missed
2843,missed
5714,missed
1678,missed
4607,made
2662,missed
2315,missed
6370,made
3940,missed
1305,missed
3571,missed
1210,made
2147,made
4987,made
5398,missed
2327,missed
619,made
4202,missed
2623,missed
5932,missed
3622,missed
5984,missed
5639,made
3222,missed
3782,made
5071,missed
5366,made
5312,made
1932,missed
3553,made
3758,made
3801,missed
2508,missed
6007,made
3026,made
5567,missed
5907,made
717,missed
6269,made
2407,made
4725,made
4478,missed
2889,missed
5720,made
527,missed
2053,missed
1657,missed
2318,missed
1947,made
2691,made
4846,made
5029,missed
2750,made
5443,made
4281,missed
524,missed
4124,missed
910,missed
2541,missed
4065,missed
503,missed
558,made
124,made
1470,missed
5711,missed
1284,missed
6064,made
3715,missed
1094,missed
5444,missed
1774,made
1212,missed
1183,made
224,made
3547,missed
1951,missed
1040,missed
428,missed
6320,made
1371,made
4196,made
684,made
827,missed
3230,missed
632,made
1241,missed
2525,made
1671,missed
1460,made
1397,missed
2858,made
1277,made
3561,made
745,made
1748,made
167,made
5294,made
141,made
804,missed
2008,made
6312,made
4130,made
4965,made
2248,missed
454,missed
6418,made
4291,made
506,missed
4048,made
440,missed
3554,missed
4384,missed
1827,missed
3602,missed
3576,made
4290,missed
2996,made
3395,made
5393,missed
984,made
5128,made
1745,made
5228,missed
2909,made
2825,missed
3817,made
5161,missed
3060,missed
1842,missed
5822,missed
5613,missed
40,made
4735,made
376,missed
6034,made
205,missed
2211,missed
2194,made
1376,missed
3840,made
3664,missed
2178,missed
5087,made
5299,missed
2417,made
418,missed
283,made
871,made
2145,made
5914,made
354,missed
116,missed
4401,missed
5609,made
3083,made
3154,missed
4303,made
3863,missed
5825,made
1596,missed
3132,missed
1469,made
6177,made
1601,made
5980,missed
2447,missed
458,made
2023,made
5292,made
1638,made
3260,missed
3311,missed
5086,made
375,missed
3885,missed
883,missed
4420,missed
691,made
3640,missed
4254,missed
2763,missed
626,missed
2946,missed
3956,made
317,made
3117,missed
6392,made
1902,missed
630,missed
508,missed
6297,made
5527,made
2594,missed
6223,made
3693,made
3170,made
4547,missed
6079,made
754,missed
5604,made
1550,missed
5363,missed
125,made
3194,made
2174,made
3594,missed
1599,made
1502,made
3556,missed
4375,made
2014,made
3159,made
3789,made
4095,made
3126,made
5791,missed
1416,missed
3363,missed
6066,made
2555,missed
3535,missed
2292,missed
1168,made
1415,missed
3310,missed
5854,made
3059,made
300,made
6306,made
5683,missed
5841,made
6106,made
6082,made
1695,missed
484,missed
6252,made
4524,missed
862,missed
4722,made
1140,made
4989,missed
935,missed
2358,missed
3522,made
4186,made
2745,missed
41,missed
1933,made
4827,missed
3690,missed
2378,missed
3265,missed
6457,made
928,missed
4003,made
1913,made
281,missed
3001,made
4144,made
1849,made
2784,made
6186,made
1578,made
339,missed
2509,made
897,made
4517,made
178,missed
4900,missed
3504,made
3018,missed
1067,made
802,made
1918,made
2867,missed
4961,missed
6341,made
206,missed
3099,missed
451,made
3930,missed
2987,made
69,missed
2385,made
5534,made
4597,made
3550,missed
3579,missed
5088,made
4981,missed
2166,missed
2941,made
3746,made
6416,made
858,made
5401,missed
3338,missed
4610,made
296,made
3479,made
6444,made
1358,made
5618,made
2168,missed
1000,made
5255,missed
6076,made
3489,missed
5234,missed
6216,made
5058,made
6361,made
2543,made
3223,made
2090,made
1604,made
3668,made
1255,made
2154,missed
1287,missed
2872,missed
4215,missed
2320,missed
4001,made
5301,missed
5801,made
3025,missed
1022,missed
3383,missed
2665,made
1812,missed
5493,missed
5475,made
5951,missed
3611,missed
3476,made
3700,missed
4328,missed
4621,missed
5704,made
836,made
1770,made
4914,missed
4528,made
3019,made
1379,missed
545,missed
515,missed
2409,made
3209,made
4004,made
4594,missed
3915,missed
3818,made
1285,missed
5859,made
1979,made
5853,missed
4472,missed
268,made
6336,made
17,made
2621,made
1151,made
3002,made
778,made
1404,missed
4770,made
252,made
643,made
1504,missed
4866,missed
6220,made
4484,missed
2270,made
3685,made
1202,missed
2160,made
3465,made
5543,missed
1511,made
3058,made
3629,missed
2341,missed
4016,missed
3906,made
3702,missed
5625,missed
902,missed
2740,missed
6447,made
3092,missed
5861,missed
4395,missed
1389,made
1079,made
3178,made
847,made
3679,made
3671,made
4268,missed
5626,missed
1605,made
5138,made
4413,made
3534,made
442,missed
5446,made
2983,made
5768,missed
2671,missed
6156,made
4807,missed
4739,made
6159,made
907,made
5562,made
234,made
5426,made
2228,made
5962,made
4609,missed
2326,missed
3809,made
4678,made
3279,missed
2473,made
5926,made
5981,made
5794,made
4798,missed
3350,missed
4027,made
2973,made
1635,missed
2061,missed
4286,made
57,made
2192,missed
1472,made
4993,made
5369,missed
4822,missed
5476,missed
3314,missed
2786,made
1474,missed
1568,missed
3075,made
465,missed
3071,missed
1589,missed
1008,missed
4977,made
1579,made
1304,missed
6161,made
5684,missed
346,made
502,missed
1232,made
1643,missed
2990,missed
833,made
1038,made
2140,made
5705,missed
1362,missed
1164,made
3447,made
1764,missed
4320,made
1425,missed
542,missed
1491,missed
4699,made
1666,made
1945,made
3977,missed
3050,made
5389,missed
2351,missed
565,made
263,missed
5137,missed
1324,missed
381,missed
5043,missed
613,missed
5408,missed
215,made
1977,made
1102,made
1978,missed
4195,made
2865,missed
3386,missed
1112,missed
4071,missed
5752,made
5162,missed
4115,made
1693,missed
1617,missed
6002,made
4253,made
3055,made
32,missed
3632,missed
114,missed
4493,missed
6368,made
2288,made
820,missed
2249,made
4949,missed
3271,made
586,made
1347,missed
1098,missed
1363,missed
393,missed
1515,made
4470,made
5754,made
3837,made
2445,missed
1851,missed
3224,missed
1522,missed
2328,made
217,missed
4688,missed
1709,missed
983,made
189,missed
5074,made
5392,missed
1621,missed
553,missed
6155,made
4336,missed
3307,missed
6358,made
1380,missed
5999,made
3176,made
1253,made
4907,made
4535,made
4394,missed
4409,missed
4553,missed
2787,missed
5061,made
4502,made
404,missed
1783,missed
666,missed
6181,made
2679,made
1413,made
5927,missed
528,missed
1386,missed
5081,made
3639,made
2060,made
485,missed
6241,made
3315,made
3562,missed
4864,missed
5191,made
3692,missed
4105,missed
2781,made
3543,missed
2917,made
5417,made
5163,made
2687,missed
5692,missed
4840,missed
1597,missed
4315,missed
598,missed
158,missed
5010,missed
1467,made
6085,made
3288,made
3293,made
5510,missed
3804,made
3469,missed
5888,missed
4458,made
3830,made
522,made
1123,made
3305,missed
5782,made
226,missed
4640,made
1028,missed
4055,made
555,missed
2137,made
3419,missed
4013,made
4627,missed
4575,made
4990,made
6231,made
2920,made
3963,made
5454,made
2345,missed
3831,made
4780,missed
5001,made
707,made
5430,made
6024,made
5009,made
5528,made
4548,missed
3261,missed
1171,missed
3276,made
1455,made
3835,missed
2776,made
6151,made
4702,made
6131,made
2676,missed
4499,made
6343,made
326,missed
3648,missed
476,missed
4192,made
5218,made
4220,made
2512,missed
2065,made
103,missed
5217,missed
1419,missed
4559,missed
3739,missed
5828,made
523,made
992,made
5725,made
1830,made
6251,made
2606,missed
730,missed
66,missed
3748,missed
4898,made
5045,missed
4968,missed
4526,missed
6328,made
1939,made
2666,missed
1396,missed
2868,missed
751,made
4784,missed
885,missed
488,made
3623,made
1016,missed
2106,made
5905,made
2724,made
6078,made
4679,missed
2319,missed
2003,made
5627,made
3813,made
3555,missed
702,made
617,missed
1724,missed
10,made
3898,missed
2200,missed
2097,made
978,missed
2272,missed
5630,missed
774,missed
759,made
3079,made
1611,made
936,made
2220,missed
4355,missed
2075,missed
4974,made
110,missed
5274,made
5494,made
4494,missed
2992,made
490,missed
1190,made
1089,missed
5501,missed
4708,missed
1479,made
4151,missed
3201,made
4508,made
1906,made
5670,missed
3047,missed
1298,made
2072,made
2743,missed
4889,missed
71,missed
4874,missed
2608,missed
4778,missed
4939,made
1852,made
2727,missed
1942,missed
1254,missed
3966,made
3087,made
184,made
5182,made
824,made
386,made
1719,made
347,missed
6279,made
6032,made
3421,missed
2769,missed
4051,missed
468,missed
3541,made
1418,missed
4492,made
536,missed
3677,made
6380,made
341,missed
4084,missed
1299,missed
1117,made
1995,made
4246,made
1619,missed
4745,missed
5168,made
2490,missed
4408,made
3175,made
3712,made
5884,made
1927,missed
6364,made
719,missed
5830,made
1083,missed
3935,made
2765,missed
3306,made
3180,missed
160,missed
1653,missed
749,made
688,missed
3768,missed
5424,missed
6426,made
3016,missed
3372,missed
3523,made
3096,missed
1558,missed
1081,made
920,missed
3471,made
4221,made
1853,missed
4512,missed
6132,made
2782,missed
848,made
1603,missed
5141,made
3040,missed
5453,missed
5513,missed
4274,missed
5667,missed
4810,made
5836,missed
6232,made
5812,made
2659,made
1294,missed
2189,made
1531,missed
4414,missed
6237,made
1387,made
4667,missed
2721,missed
2347,made
1251,missed
1892,missed
3670,made
568,made
5953,made
3644,missed
3453,missed
2910,made
5878,missed
436,missed
1559,made
4534,missed
655,missed
3361,made
554,made
780,made
4061,made
4362,made
2042,made
2532,made
3491,missed
1197,missed
4149,made
3498,made
4664,made
4023,made
1987,missed
845,missed
602,missed
2877,made
611,missed
4166,missed
4094,missed
108,missed
6441,made
5491,missed
3017,missed
2471,missed
1733,missed
5465,made
5539,missed
1302,made
828,missed
151,missed
4658,missed
4970,made
1417,made
5196,made
5612,made
2084,missed
2073,missed
782,made
397,missed
3053,missed
166,missed
3753,missed
5938,missed
6073,made
5374,missed
4104,made
1225,made
1796,missed
4503,made
1642,missed
5889,missed
142,missed
1240,made
1986,missed
4327,made
2452,missed
3683,made
5067,made
5434,missed
3443,made
2461,made
2693,missed
2223,missed
237,made
989,made
3422,made
5404,missed
1758,missed
2369,missed
1021,made
5316,missed
3094,missed
866,missed
3020,missed
5722,missed
3841,made
5640,missed
4046,made
1697,missed
5605,missed
2217,missed
3908,missed
327,made
3666,missed
4635,made
5394,made
1582,missed
803,made
4558,made
4468,missed
1226,made
1203,made
6173,made
2887,made
2903,missed
1034,made
5982,made
5950,missed
5035,made
2392,made
6050,made
4325,missed
401,missed
6452,made
3413,missed
1346,made
4758,made
3612,made
2391,made
1267,made
805,made
1443,missed
959,missed
5772,made
185,missed
5199,made
5023,made
2085,missed
3226,made
96,made
5281,made
6095,made
2119,made
2789,made
2927,missed
1250,made
5039,missed
669,missed
1752,made
469,missed
4122,made
576,missed
1659,made
3762,made
3238,made
3425,missed
3825,missed
6120,made
1476,made
6172,made
3158,made
4415,made
6290,made
1377,made
5091,missed
3041,missed
4537,missed
1869,missed
3210,missed
1221,made
4174,made
2126,missed
5916,made
6455,made
2422,missed
2212,missed
5960,missed
5911,missed
5483,missed
943,made
5318,made
5185,made
4920,made
241,missed
1789,missed
1926,made
3077,made
2603,made
526,made
3870,made
3785,missed
6266,made
1159,missed
4803,made
3836,missed
76,made
6399,made
2960,missed
2252,made
5261,missed
5490,missed
2136,made
3829,missed
6087,made
429,made
6329,made
2066,made
2325,made
1928,missed
3029,missed
3335,made
6375,made
2807,made
5346,missed
1478,missed
338,missed
2074,made
2011,missed
2674,missed
5695,missed
253,missed
3221,made
320,made
2048,made
4238,missed
946,made
4960,missed
2455,made
1084,made
3187,made
5747,missed
3652,made
1191,missed
3827,missed
620,missed
2098,missed
750,made
2993,missed
4433,made
2803,missed
1797,missed
1864,made
4353,missed
1958,made
2295,missed
1959,made
1777,missed
5777,made
577,missed
5629,missed
1667,made
1395,made
4087,missed
2183,made
2754,made
1805,missed
2854,made
5592,made
4227,missed
270,missed
170,made
2041,missed
344,made
1233,missed
1815,missed
6276,made
6077,made
4134,missed
5844,missed
3933,made
2722,made
5558,missed
4636,missed
4766,missed
4887,made
1496,missed
5721,made
1275,made
4933,missed
1309,missed
1786,missed
3118,missed
4476,made
2949,made
6255,made
1890,made
677,made
4833,made
2170,missed
5041,missed
2301,made
4056,made
4450,made
2733,made
4177,made
4060,missed
3532,made
295,made
1070,made
53,missed
5992,made
3400,made
4063,missed
5785,missed
3900,missed
4491,made
4287,missed
5608,missed
3342,missed
2006,missed
301,missed
365,missed
4670,missed
102,made
5756,made
2792,missed
4570,made
2795,made
4566,made
2731,missed
3694,missed
4205,made
857,missed
4178,missed
5334,made
3005,made
4448,made
1487,missed
4477,missed
5279,missed
4025,missed
374,missed
1213,made
544,missed
1351,made
291,missed
4727,made
3688,made
389,missed
2869,made
5632,made
355,missed
1870,made
4749,missed
247,missed
4309,missed
3231,missed
2164,made
6451,made
1296,missed
5993,made
3064,made
5827,made
410,made
2005,missed
5544,missed
1894,missed
1184,missed
5258,missed
3004,missed
1898,missed
832,missed
2227,missed
1803,made
690,missed
5284,made
2518,missed
2752,missed
4676,missed
3776,made
3957,missed
4030,made
1512,made
5645,made
3674,made
5423,made
6052,made
3882,missed
1075,missed
6243,made
3490,missed
4348,made
6211,made
2357,made
2439,missed
2111,made
4349,made
6054,made
2602,missed
1946,missed
6033,made
752,made
1361,made
4153,made
2682,missed
3284,made
5904,made
363,missed
2764,made
1135,made
3212,missed
3807,missed
1679,made
3589,made
2356,missed
4366,made
1622,missed
5175,missed
4097,made
3014,missed
2068,missed
879,missed
5808,made
3797,made
758,missed
3121,missed
2402,missed
2059,made
4675,missed
2577,missed
1911,missed
4298,missed
5275,made
1073,made
58,missed
5481,missed
2294,made
4452,missed
5322,made
2398,missed
3133,missed
1068,made
2529,missed
5647,made
1477,made
1513,made
3285,missed
3068,missed
6267,made
3289,made
1799,missed
5152,missed
5319,missed
2500,missed
6233,made
6258,made
3795,made
4644,missed
6009,made
4085,missed
4321,made
2681,made
2505,missed
1303,made
3805,made
1173,made
1432,made
1099,made
5824,made
1908,made
5673,made
5535,missed
5868,missed
1405,made
5716,missed
6325,made
2813,missed
309,missed
4090,made
775,missed
367,made
570,missed
4099,missed
6265,made
1593,missed
2263,missed
1541,missed
5688,missed
5784,made
6356,made
4425,made
5440,made
72,made
4599,made
2835,missed
5792,missed
3736,missed
5159,missed
2511,made
1780,made
1775,missed
1534,made
3105,missed
3765,made
3334,missed
4919,missed
5928,missed
5979,missed
3962,missed
1784,made
5231,missed
1029,made
519,missed
2446,missed
1914,made
6150,made
1609,missed
5105,missed
395,missed
4190,made
1983,made
1936,made
3364,made
4471,made
1033,missed
4755,made
6379,made
604,missed
4645,missed
5470,missed
2804,made
1431,missed
5429,made
3650,missed
5631,missed
2365,made
1321,missed
2576,made
5519,missed
2641,missed
4550,missed
4882,missed
3432,made
2683,missed
3380,made
4073,missed
4956,missed
3932,missed
1742,made
4825,made
1877,made
5738,missed
4964,missed
1923,made
5523,made
2841,made
5583,missed
5986,missed
4209,missed
27,missed
4637,made
3568,missed
5983,missed
2176,missed
4763,missed
5977,made
3879,missed
6157,made
6302,made
1223,missed
2444,missed
4787,missed
3312,missed
4344,missed
3067,made
1626,made
1264,made
3969,missed
5679,missed
877,missed
6228,made
3478,missed
4109,missed
481,made
5397,made
2552,missed
5908,missed
3129,missed
4142,missed
2918,missed
5624,made
6301,made
2314,made
6136,made
941,made
5998,made
6091,made
6272,made
3237,made
4460,made
1809,made
4858,missed
1165,made
204,missed
5269,made
3689,missed
5717,made
3509,made
1162,missed
2729,made
1600,missed
86,missed
4516,made
2207,missed
3046,made
364,made
3980,missed
4407,made
5164,made
1292,missed
3975,made
5240,missed
5243,missed
999,missed
3172,missed
1036,missed
5969,missed
2802,made
2694,missed
1336,missed
995,missed
220,missed
2401,missed
6108,made
3821,made
249,missed
2007,missed
6374,made
1886,missed
4817,made
4856,made
3466,made
2538,made
4894,missed
4908,missed
591,missed
5116,missed
2202,made
2225,made
2259,made
518,missed
3104,missed
4062,missed
3045,missed
1650,made
5739,missed
6068,made
1274,missed
1816,made
2634,made
1327,missed
5509,missed
43,missed
7,made
480,missed
471,missed
6022,made
2237,made
4885,made
4568,missed
654,missed
4485,made
5807,made
464,missed
3902,made
1691,missed
697,made
2230,missed
6390,made
2695,missed
65,missed
1348,made
2415,made
2480,made
2149,missed
5343,missed
6098,made
4583,made
5146,made
2047,made
3852,missed
4225,made
5663,missed
849,missed
4542,made
3965,made
417,missed
3718,missed
4957,made
2285,made
2549,made
5741,made
4356,missed
1922,missed
2570,missed
6195,made
6206,made
2102,missed
5997,made
4996,made
6167,made
5755,missed
1481,made
382,made
5972,made
4272,missed
5215,missed
29,missed
3811,missed
4883,made
5216,missed
321,made
5508,made
3697,missed
5607,made
3684,missed
3344,made
4463,made
4639,made
4586,missed
6196,made
3944,made
5324,missed
6063,made
3280,missed
2947,missed
3185,made
3167,missed
97,missed
5988,made
2429,missed
2245,made
2076,made
447,missed
14,missed
4393,missed
4634,made
1215,made
3794,made
5871,missed
2342,made
286,made
3843,missed
4218,made
2312,missed
2859,made
779,made
6036,made
4019,made
2052,made
4686,made
5313,made
5323,missed
4446,made
5730,made
165,made
660,missed
3108,missed
1339,made
1138,missed
2618,missed
2216,made
2188,missed
3832,made
5498,missed
299,made
1615,made
5121,missed
1133,missed
3081,made
3142,missed
1937,made
1048,made
6010,made
5877,made
846,missed
251,missed
3034,made
1027,missed
806,missed
1552,missed
31,missed
715,made
2384,missed
4507,missed
6168,made
6203,made
5489,made
3459,missed
4629,made
1044,missed
2144,made
2489,missed
3244,made
3191,made
5576,missed
4847,made
3987,made
330,missed
5783,missed
3510,made
861,missed
1198,missed
4423,made
3951,made
1088,made
4219,made
2515,missed
3,made
3757,missed
3724,missed
6264,made
4040,made
2459,missed
549,missed
5053,made
4360,made
4726,missed
5845,missed
1471,made
1234,made
1154,made
1401,made
918,made
4520,missed
2348,missed
5502,missed
3660,made
5089,missed
2601,made
5477,made
1821,missed
467,made
4440,made
1492,missed
5834,missed
4170,missed
4711,made
5119,made
3754,missed
1888,made
6080,made
3128,made
2487,missed
4861,made
21,made
5818,missed
4783,made
6278,made
6017,made
3275,made
2403,missed
3592,made
1314,made
4821,missed
1047,missed
3247,made
5915,missed
4954,made
4066,made
6250,made
810,made
3741,made
2479,missed
4203,made
6389,made
1368,missed
2668,missed
1520,made
4031,missed
6359,made
1205,made
2332,made
4916,missed
3849,missed
4226,missed
955,made
859,missed
2033,made
1315,missed
2399,made
5409,missed
3904,made
5115,missed
1366,made
3043,missed
3924,missed
5130,missed
2506,missed
462,missed
1573,missed
308,missed
2121,missed
579,missed
4201,made
1705,missed
3786,missed
4877,made
2994,made
2037,made
5098,missed
6119,made
2095,made
870,made
5505,made
4744,missed
3049,missed
6287,made
2656,missed
4684,missed
3502,made
4357,made
976,missed
3352,made
957,missed
3699,missed
1340,missed
1822,made
2329,made
1929,made
3880,made
5321,missed
5329,missed
353,missed
1445,missed
2726,made
5941,made
4256,missed
3200,made
4830,made
5542,missed
1385,missed
5533,made
3721,made
501,made
3524,made
5588,missed
6398,made
2104,made
2233,missed
6005,made
1007,made
6069,made
4828,made
2171,made
4464,missed
3216,missed
6115,made
4672,missed
1318,made
4589,missed
3982,made
4429,made
1475,missed
679,made
5070,made
3926,made
380,made
5302,made
4163,made
1882,missed
477,made
5826,missed
2382,made
6145,made
2359,made
425,missed
4953,made
2255,missed
1333,missed
199,missed
4696,missed
1938,made
143,missed
3820,missed
4345,made
5633,made
304,missed
1454,made
4513,missed
911,made
5899,missed
2596,missed
4681,made
2309,made
2112,made
5985,made
593,missed
3570,missed
3533,missed
1288,missed
1655,missed
5731,made
2131,made
765,missed
6249,made
5471,missed
146,missed
394,missed
4945,made
3808,missed
45,made
3494,missed
4719,made
3336,made
4417,made
2159,made
1957,missed
2184,missed
4832,missed
6244,made
5181,made
3497,missed
2071,missed
1367,missed
3095,made
2364,made
6239,made
930,made
3512,missed
2975,missed
4786,made
4574,missed
3141,missed
5448,missed
2581,missed
5668,missed
606,missed
74,made
4886,missed
1322,made
5921,missed
113,made
3913,missed
986,missed
5883,missed
222,made
1992,made
5484,made
4131,missed
5391,missed
1761,made
4443,made
4263,made
4180,missed
4212,missed
4043,missed
3456,made
530,missed
2590,made
3954,missed
3630,made
2521,made
3051,missed
5065,made
4782,missed
5295,made
5870,missed
5422,missed
6105,made
3204,missed
4931,missed
1779,made
1025,missed
3778,missed
81,missed
4876,made
2030,made
4054,missed
1792,made
2716,made
3819,made
2673,made
6183,made
4653,made
3501,made
2563,missed
3402,missed
6293,made
1956,made
3869,missed
4136,missed
6053,made
5621,made
3136,missed
311,missed
1631,missed
4260,made
2067,missed
1426,made
2002,made
4453,made
3810,made
5104,missed
2337,made
2440,made
128,missed
1009,missed
1813,missed
1290,missed
4753,made
3873,made
2771,missed
201,missed
5718,made
6257,made
954,missed
2418,missed
4020,made
829,missed
2361,made
4689,made
3907,missed
970,missed
202,missed
982,made
3696,made
3318,missed
5129,missed
2380,missed
2486,made
5290,missed
3097,missed
6038,made
3089,made
1187,missed
4447,made
3919,missed
1595,made
4092,missed
42,missed
6351,made
3347,made
5843,missed
1273,made
2182,missed
574,missed
1920,made
5978,made
856,made
1808,missed
2620,missed
1846,missed
4034,made
4199,made
4995,missed
2458,made
4700,missed
988,missed
5726,made
1433,missed
4480,missed
4152,missed
711,missed
2372,made
3850,missed
4451,missed
3565,made
1018,made
3887,missed
3296,made
2963,made
4403,made
3461,made
4137,made
5011,made
4932,made
1681,made
1969,missed
4794,missed
5112,made
2051,made
4311,made
2146,made
2322,missed
2696,made
2482,missed
1370,missed
1566,missed
3596,made
3771,missed
6400,made
4354,missed
1516,missed
3993,missed
6350,made
2186,missed
3308,missed
3731,made
1037,made
2437,made
2999,missed
1510,missed
411,made
5325,made
4973,made
4075,missed
1301,made
3259,missed
1317,missed
3316,missed
777,made
5268,made
5610,missed
4671,made
4854,made
2367,missed
2476,missed
4890,missed
4169,missed
25,made
3392,missed
1408,made
1139,missed
505,missed
1560,made
1120,made
4682,missed
601,made
4707,missed
3941,missed
2737,missed
3851,missed
2613,missed
348,made
6348,made
5842,made
4878,missed
6000,made
5207,made
629,missed
5307,missed
2548,missed
5021,missed
408,missed
3391,made
164,missed
5991,made
2336,made
4049,made
2426,made
1087,made
3770,made
4390,missed
2914,made
2860,made
2363,made
4624,made
3881,missed
4123,made
5890,missed
274,missed
1072,missed
5103,made
675,made
5723,missed
3382,made
3704,missed
585,missed
837,missed
4806,missed
4399,missed
2615,missed
2965,made
1437,made
1553,made
816,made
1243,made
4312,made
302,missed
2619,made
6037,made
2678,made
2485,missed
3936,missed
6340,made
3162,made
1063,made
872,missed
2819,missed
5227,missed
952,missed
159,missed
923,made
2770,made
4155,made
6286,made
4334,missed
1975,made
4119,made
5220,missed
4779,made
3735,made
2394,missed
5565,made
3603,made
2056,made
4324,missed
489,made
3713,missed
4925,missed
385,missed
3488,missed
2283,made
4111,made
1824,missed
4365,made
4419,missed
1588,missed
6434,made
3348,missed
6174,made
1751,made
1231,made
4089,missed
3160,made
963,made
4593,missed
352,missed
1838,made
3945,missed
5171,missed
1,missed
5504,made
4381,missed
6198,made
783,made
5211,missed
5033,missed
2396,made
5192,missed
68,missed
403,missed
3434,made
4893,missed
6417,made
5780,made
4273,missed
3428,missed
2139,missed
1200,missed
2915,missed
2300,made
1756,made
3486,made
1577,made
2719,made
2241,made
2774,made
1507,made
3749,made
2493,missed
5457,missed
538,missed
1330,missed
2303,made
2499,made
1612,made
1488,missed
2018,missed
1744,missed
5689,missed
5158,missed
6070,made
5862,made
6303,made
5044,made
4606,missed
1393,missed
1508,missed
1194,made
6147,made
6190,made
3800,missed
5486,missed
4677,made
5170,made
1931,missed
2812,missed
3974,missed
2539,missed
2669,missed
3719,missed
3248,missed
4759,missed
2822,made
573,made
696,missed
6383,made
5743,missed
5252,missed
5447,made
2187,missed
4022,missed
5264,missed
2045,missed
282,made
258,made
2664,missed
5360,missed
3233,missed
725,made
1636,missed
4773,made
55,made
6001,made
5532,missed
1411,missed
2214,missed
6294,made
2935,missed
888,missed
2954,made
1687,made
1819,missed
3703,made
1972,missed
714,missed
4701,made
2286,missed
6043,made
6438,made
5263,made
2848,missed
4713,missed
123,made
4430,missed
5959,made
4400,missed
980,missed
175,missed
581,made
5169,missed
1616,made
5682,missed
2876,made
6170,made
3243,made
1861,missed
3575,missed
3606,made
6102,made
2974,made
4505,missed
4771,made
297,missed
925,missed
4118,missed
5285,made
2115,missed
4824,missed
1307,missed
4767,missed
1672,missed
1199,made
2229,missed
6354,made
293,missed
2690,missed
4222,made
2579,missed
5400,made
692,missed
686,missed
817,missed
216,missed
3325,missed
4248,made
5766,made
3889,missed
5925,missed
6163,made
478,made
5267,missed
5727,made
3198,made
812,made
4346,missed
843,missed
3056,missed
2375,missed
4069,missed
2032,missed
967,made
5820,made
5651,missed
972,made
1896,missed
4342,missed
2704,missed
6346,made
5341,made
3374,made
5289,missed
5018,made
6393,made
5617,missed
2951,made
1345,made
5749,made
975,made
5450,made
509,missed
122,missed
5753,made
5802,made
1710,missed
2100,made
869,missed
5811,made
1030,made
3463,missed
4852,made
1998,made
3590,missed
1156,missed
3156,made
5577,missed
4428,made
1575,missed
6018,made
61,made
472,made
4997,missed
3454,missed
865,missed
3583,made
6245,made
3614,missed
4837,missed
6204,made
3388,made
2180,made
4743,missed
3281,missed
5310,made
1628,made
2438,missed
1149,made
1160,missed
256,made
2598,missed
4729,missed
5771,made
4873,made
1105,missed
5348,missed
3407,missed
557,missed
1850,missed
2088,missed
2899,made
3220,missed
261,made
6035,made
627,missed
1889,missed
3042,missed
4305,missed
2078,made
3585,missed
4304,missed
5244,missed
1606,made
1020,missed
608,missed
1403,missed
5305,missed
3254,missed
2096,missed
209,made
3798,missed
3539,missed
153,missed
1590,made
2442,made
1147,made
3427,made
1967,missed
3206,missed
2433,missed
1633,made
3292,made
597,missed
3137,made
1656,missed
4776,made
5516,missed
3297,missed
1565,missed
1518,made
5414,missed
4317,missed
225,missed
5303,missed
5719,missed
2517,missed
5402,missed
2393,made
1760,made
1360,missed
3304,made
2324,made
5566,made
3558,missed
6072,made
1833,missed
3661,missed
2009,made
3657,made
4301,missed
5123,made
4187,made
5353,missed
5142,missed
3857,missed
693,missed
5724,missed
6148,made
2612,missed
1186,made
1369,made
1907,made
4088,missed
2477,missed
16,made
2514,made
5939,made
2205,missed
3595,missed
1486,made
1676,made
5280,made
2353,made
656,made
1571,made
1737,missed
3855,made
4495,made
2846,missed
2980,missed
618,made
4604,missed
2847,missed
5661,missed
867,made
2507,made
4982,made
2110,made
4695,made
5420,missed
457,made
5380,missed
5213,missed
4966,missed
790,made
5480,made
3607,made
3822,missed
2260,made
5895,missed
2808,missed
5050,missed
3518,missed
4746,missed
733,missed
6246,made
4475,missed
3958,missed
2133,missed
5052,missed
4267,made
1944,missed
2279,missed
659,made
2430,made
3751,made
2528,made
5190,missed
5615,missed
642,made
168,missed
1517,made
1800,made
3394,missed
1917,missed
272,made
5311,missed
2468,made
5214,made
6194,made
6089,made
1066,made
494,missed
4911,made
1912,missed
3646,missed
38,missed
306,missed
3740,made
4102,made
3152,made
2829,made
781,missed
5286,made
534,made
583,missed
5745,made
4143,missed
4418,made
3796,missed
6169,made
6309,made
2861,made
316,made
2197,made
2564,made
5815,missed
6166,made
1794,missed
5996,made
5468,made
271,made
548,missed
1692,missed
3525,made
3012,made
6178,made
6192,made
2390,made
3876,made
4694,made
894,missed
4666,missed
1999,made
2122,made
4157,missed
1247,made
4487,missed
1259,missed
809,missed
1049,missed
1878,made
2879,missed
107,missed
673,missed
5761,missed
4761,made
4605,made
5531,missed
5455,missed
1532,made
4962,missed
1855,missed
211,missed
3147,missed
5156,missed
2256,made
2105,made
3268,made
6149,made
1973,made
4685,missed
1501,missed
4182,missed
646,made
3633,made
771,missed
703,missed
3587,made
1249,missed
4804,made
2472,missed
1860,made
709,missed
2672,made
4514,made
1461,missed
1484,missed
2545,missed
230,missed
1356,made
3011,missed
851,missed
1004,missed
1996,made
1834,made
3973,missed
4532,made
1316,made
3327,missed
1623,made
1480,missed
3833,made
5099,made
1278,made
3080,missed
1823,missed
1053,missed
4145,missed
475,made
2282,missed
3711,made
3146,missed
335,made
2617,made
3662,missed
88,made
874,missed
543,made
5337,missed
3000,made
2760,missed
6431,made
1880,missed
6315,made
926,made
319,missed
4615,missed
878,made
3994,made
4921,made
3246,made
5386,made
3078,made
3761,missed
4730,made
5942,made
4234,missed
4259,made
1618,made
3726,made
6253,made
1045,made
5056,missed
1750,made
5151,missed
3878,missed
3917,made
5189,missed
1043,made
3010,made
5155,made
3290,missed
6140,made
4751,made
2064,missed
2964,made
641,made
137,missed
880,made
1976,missed
1581,missed
4793,missed
1097,made
5599,missed
6019,made
1392,missed
2083,missed
1266,missed
4231,made
5265,missed
2574,missed
2135,missed
1503,missed
5458,missed
5765,missed
3367,made
3729,made
148,missed
303,missed
5113,made
1924,missed
5148,made
6153,made
2637,made
1904,missed
6006,made
4294,missed
3842,missed
5715,missed
1768,missed
2875,made
2240,made
4500,made
6415,made
6433,made
483,missed
5278,missed
5435,made
1280,missed
5127,made
3680,made
791,missed
4895,missed
1201,missed
4518,missed
3912,made
2362,missed
3069,missed
3429,missed
6386,made
6235,made
5575,missed
2591,made
2710,missed
1529,made
4998,made
2809,missed
685,missed
1551,made
4255,made
5095,missed
3871,missed
5122,made
560,made
2250,made
6029,made
3500,made
2689,missed
4208,made
6277,made
3379,missed
3193,made
1446,missed
1952,missed
922,missed
1624,missed
310,missed
1319,made
3531,made
1663,made
815,missed
5852,made
2266,missed
1473,made
1773,missed
4775,missed
5957,made
1093,made
4176,made
1950,missed
3884,made
6284,made
6344,made
2800,missed
1239,made
329,missed
3102,missed
242,missed
6041,made
4737,missed
4792,missed
2257,missed
2818,missed
3824,missed
753,missed
4531,missed
1563,made
1934,missed
6184,made
3493,made
3022,missed
4647,made
2648,missed
1856,missed
4697,made
3563,made
1964,made
1013,missed
1427,made
3322,made
5482,made
1295,missed
466,made
4028,made
5595,made
174,made
4880,missed
277,made
1069,missed
1548,made
1024,missed
5561,missed
5036,missed
2834,missed
1466,missed
5419,missed
5495,missed
5856,missed
5545,made
5002,made
1713,missed
3424,made
2611,missed
388,missed
2070,missed
3970,made
3495,made
2821,made
4976,missed
1424,made
3542,missed
6332,made
3574,missed
50,missed
1887,made
3695,missed
4229,missed
5201,made
4799,made
482,missed
3393,missed
5241,made
2251,missed
4162,missed
2313,missed
2849,made
6045,made
3103,made
5003,missed
4127,made
3867,missed
2465,missed
2929,missed
6263,made
4106,made
64,missed
6114,made
776,made
4173,made
4587,made
2734,missed
2580,missed
4616,made
3483,made
6298,made
2344,missed
4687,made
2815,missed
6065,made
5381,made
4026,made
724,made
5920,made
5898,missed
6406,made
5308,made
6407,made
5733,made
6291,made
1735,missed
3124,missed
4940,missed
5078,made
4802,made
273,made
2944,missed
6160,made
5059,missed
5892,missed
6404,made
5578,made
5496,made
1452,missed
2715,made
4245,missed
2692,missed
2767,missed
218,missed
239,made
1131,missed
6123,made
3264,missed
2239,made
5349,missed
5149,missed
5764,missed
1383,missed
3074,made
4860,made
1357,made
4871,made
2630,made
2832,made
624,made
839,made
4723,missed
323,made
6428,made
6376,made
1867,made
5256,made
2826,made
5172,made
5887,made
437,missed
119,missed
5846,made
6058,made
1839,missed
1026,missed
3301,missed
4172,made
3101,made
900,made
4467,made
1204,made
5945,missed
6425,made
5037,missed
4050,missed
552,missed
406,missed
5865,missed
1613,made
2934,missed
5064,missed
3298,made
2833,missed
2349,missed
4785,made
3109,made
1738,missed
236,missed
6299,made
3163,missed
499,missed
4918,made
3625,missed
3127,missed
794,missed
3358,missed
3291,missed
3972,made
990,missed
4663,missed
2435,missed
3376,missed
390,missed
4839,missed
2400,missed
1217,missed
235,missed
331,made
4576,made
3188,made
5773,made
44,missed
5564,made
6061,made
4216,made
3436,missed
3072,made
3134,missed
5368,made
4045,missed
5022,missed
1594,made
223,missed
4862,made
4709,missed
2891,missed
1245,missed
1540,made
3537,made
4148,made
4625,made
2533,missed
6378,made
818,missed
3458,made
155,missed
6316,made
248,made
4857,made
3927,missed
4014,made
2636,made
5226,missed
4638,made
793,missed
1725,made
3189,missed
2649,made
628,missed
6134,made
2339,made
6289,made
5463,missed
1620,missed
1451,made
2902,missed
5167,made
4650,made
1828,missed
826,missed
1639,missed
3864,missed
2913,missed
3791,missed
2939,missed
3420,missed
3996,made
3767,made
535,made
5906,missed
2663,missed
154,made
3241,missed
5596,missed
3149,missed
2952,made
1311,missed
322,made
5806,missed
4110,made
3330,made
3985,missed
1798,missed
82,missed
2560,made
1943,missed
1988,missed
3536,missed
5479,missed
1574,made
2977,missed
2723,made
3405,made
2058,made
1762,missed
1494,missed
4927,missed
2080,made
1174,missed
4509,missed
2628,made
5913,made
4261,missed
5989,missed
614,made
3093,missed
3450,missed
1014,missed
3057,missed
6357,made
5333,missed
3905,missed
2181,missed
3418,missed
4651,missed
3100,missed
1211,missed
6221,made
634,missed
1055,made
2340,missed
5804,made
796,missed
5187,missed
4270,missed
2814,missed
4341,made
1080,missed
1654,made
1607,made
144,missed
4241,made
90,made
682,made
4406,made
3431,made
93,missed
834,made
5020,made
6176,made
5131,made
1400,made
3979,missed
2291,missed
1500,made
2262,made
1468,made
3928,made
3245,missed
998,missed
853,made
3875,made
1142,made
5239,missed
2274,made
4497,missed
1103,made
84,missed
2210,missed
6322,made
4210,made
6025,made
5681,made
3440,missed
1567,missed
5597,made
1660,missed
1556,made
4721,made
3764,missed
3584,missed
1885,made
3144,missed
1866,missed
5048,missed
4720,missed
2874,made
4330,missed
3588,missed
3267,made
2884,made
2890,made
3007,made
1826,missed
3923,missed
6281,made
2640,made
5410,missed
1525,missed
1562,made
5848,missed
5701,made
343,made
2542,missed
3385,made
2412,missed
2707,made
5092,missed
1110,made
3442,made
2213,missed
1359,missed
2107,missed
4805,made
5974,made
1378,made
2828,missed
424,missed
292,made
1065,made
2377,missed
5734,made
5108,missed
2127,made
1717,made
937,missed
3779,missed
3964,missed
3990,made
4930,missed
254,missed
6217,made
1482,made
944,made
5503,missed
6352,made
3183,missed
3266,missed
4819,made
2907,missed
969,missed
496,made
5046,made
4901,made
1829,missed
2177,missed
5835,made
337,made
4826,made
4704,missed
1148,missed
2243,made
5809,missed
6427,made
5005,missed
3968,missed
2151,missed
2010,missed
2491,missed
6334,made
1810,missed
1994,made
4815,missed
2932,missed
2824,made
5665,missed
2897,made
2275,made
434,made
5395,missed
4501,missed
2823,missed
4917,made
5885,missed
3755,missed
2504,made
3211,missed
5954,made
5653,made
4641,made
4308,made
4992,made
3540,made
3270,made
1941,made
1891,made
5012,missed
3599,missed
5385,made
4910,made
1265,missed
4438,missed
2597,missed
1410,made
1214,made
966,missed
1230,made
4791,missed
605,missed
104,missed
645,made
5500,missed
4590,missed
3088,missed
1019,missed
91,missed
5208,missed
2870,made
908,made
5570,made
5837,made
2150,missed
238,made
3140,made
942,made
1270,missed
938,missed
5520,missed
3229,missed
3551,missed
1862,made
1669,missed
5,missed
4343,made
3943,missed
3013,missed
18,missed
1970,made
2709,made
2232,missed
811,made
1300,made
5431,made
6335,made
260,made
1804,made
1570,made
4280,made
2454,missed
1743,missed
1630,made
1716,missed
520,made
3937,made
6112,made
3482,missed
1658,made
3472,made
5708,made
2475,made
3948,made
3934,missed
3645,missed
763,made
4703,missed
4326,made
4427,missed
5536,made
6023,made
1091,made
3608,made
1101,missed
5225,made
4557,missed
958,made
5758,missed
559,missed
6242,made
1519,made
6333,made
6128,made
2484,made
366,missed
3901,made
6193,made
1948,missed
4165,missed
1572,missed
808,missed
3232,made
3946,missed
11,missed
2025,missed
5013,made
5547,made
176,made
5090,missed
2488,missed
3886,missed
2569,missed
3520,made
3760,made
5351,made
3282,missed
1664,made
2191,made
6449,made
3370,missed
5886,missed
2660,made
4252,missed
3578,missed
5556,made
2046,made
5946,missed
2624,made
3410,missed
6101,made
1185,made
1006,missed
3569,made
3737,made
4656,made
5006,missed
5407,made
2049,missed
4011,missed
269,missed
1993,made
265,missed
914,made
2278,made
2231,made
290,missed
2912,made
4969,made
2093,missed
4571,made
1652,made
6056,made
4141,missed
4257,made
3039,made
2677,made
288,made
3107,missed
6412,made
6044,made
575,missed
850,missed
3883,missed
5007,made
5350,missed
5929,missed
1722,made
6229,made
5831,missed
5028,missed
3949,made
1100,missed
1207,made
1843,made
1848,made
2524,made
3947,made
1694,missed
4181,made
4565,missed
3960,made
233,made
3332,missed
5781,made
2647,missed
4041,missed
1711,missed
182,made
5084,made
5096,missed
5737,missed
5452,missed
1462,missed
49,missed
6342,made
5354,made
4582,missed
6410,made
6004,made
106,made
443,missed
1954,made
4742,made
5858,missed
726,missed
2238,missed
5952,made
2330,made
4125,made
169,missed
1001,made
3252,missed
2148,missed
197,made
4591,missed
6122,made
3793,made
647,made
3035,made
4140,made
3733,missed
2758,made
373,made
4774,made
566,missed
3720,missed
2895,made
4556,missed
6028,made
3485,made
1155,missed
4135,made
973,made
3287,missed
3627,made
3638,made
5882,missed
5594,missed
1835,missed
2308,missed
1840,missed
6179,made
4923,missed
6031,made
2044,made
4405,missed
4372,made
4732,made
4750,made
4718,made
5955,missed
844,made
4489,made
2155,made
349,made
784,missed
47,missed
6074,made
6347,made
3651,made
5751,made
6165,made
4498,missed
4018,missed
5203,made
5250,made
1439,made
6437,made
6097,made
5085,made
1865,missed
5406,made
3195,made
33,missed
787,missed
5139,missed
4577,missed
5339,missed
2627,missed
931,missed
2404,made
1685,missed
1248,missed
4855,missed
92,made
5271,missed
5511,missed
5437,made
5568,made
2851,made
2793,missed
5703,made
764,made
2988,missed
5469,made
6047,made
2448,made
1728,missed
257,missed
5040,made
1219,missed
1161,missed
772,made
5582,made
6345,made
312,missed
4386,missed
4032,missed
4859,missed
2997,made
4279,made
1176,missed
3896,missed
1349,made
3775,made
3116,missed
3516,made
2298,missed
2871,made
5195,missed
391,made
6015,made
1456,made
1092,missed
6118,made
3239,made
5000,missed
2778,missed
4462,missed
4441,missed
3656,missed
2583,missed
3257,missed
1372,missed
5735,missed
919,made
4307,missed
5699,missed
2550,made
537,missed
1220,missed
4271,missed
